470b9dd3-8e03-4e5c-a9eb-20ff642619d5,Task Edited,Description Edited,2023-01-01T12:00,e61dc2ae-b59b-4051-a494-753c1d4af24b,c47c8ab7-4d9b-44e0-8f56-217b833cb897,e61dc2ae-b59b-4051-a494-753c1d4af24b,e00305b8-5a8f-4857-95c3-a1047b3ef020,todo,MATE
2469139e-cdb8-41cc-9574-1e3709e623d2,Task title 1,Task description 1,2023-01-01T12:00,e61dc2ae-b59b-4051-a494-753c1d4af24b,c47c8ab7-4d9b-44e0-8f56-217b833cb897,e61dc2ae-b59b-4051-a494-753c1d4af24b,e00305b8-5a8f-4857-95c3-a1047b3ef020,todo,MATE
4d6e19bc-5424-4cd6-94de-7cc44e838a06,Task title 2,Task description 2,2023-01-01T12:00,e61dc2ae-b59b-4051-a494-753c1d4af24b,c47c8ab7-4d9b-44e0-8f56-217b833cb897,e61dc2ae-b59b-4051-a494-753c1d4af24b,e00305b8-5a8f-4857-95c3-a1047b3ef020,todo,MATE
e91c6148-c5f6-4559-9f23-255d693f96ad,Task title 3,Task description 3,2023-01-01T12:00,e61dc2ae-b59b-4051-a494-753c1d4af24b,c47c8ab7-4d9b-44e0-8f56-217b833cb897,e61dc2ae-b59b-4051-a494-753c1d4af24b,e00305b8-5a8f-4857-95c3-a1047b3ef020,todo,MATE
693dbaba-74bf-49de-b45d-38240d4a5a32,Task title 4,Task description 4,2023-01-01T12:00,e61dc2ae-b59b-4051-a494-753c1d4af24b,c47c8ab7-4d9b-44e0-8f56-217b833cb897,e61dc2ae-b59b-4051-a494-753c1d4af24b,e00305b8-5a8f-4857-95c3-a1047b3ef020,todo,MATE
033686dc-b530-4243-ba23-edd5ec0f5ba8,Task title 5,Task description 5,2023-01-01T12:00,e61dc2ae-b59b-4051-a494-753c1d4af24b,c47c8ab7-4d9b-44e0-8f56-217b833cb897,e61dc2ae-b59b-4051-a494-753c1d4af24b,e00305b8-5a8f-4857-95c3-a1047b3ef020,todo,MATE
80ea0c10-d3f3-4e56-b1f0-0f041563b366,Task title 6,Task description 6,2023-01-01T12:00,e61dc2ae-b59b-4051-a494-753c1d4af24b,c47c8ab7-4d9b-44e0-8f56-217b833cb897,e61dc2ae-b59b-4051-a494-753c1d4af24b,e00305b8-5a8f-4857-95c3-a1047b3ef020,todo,MATE
e939af7e-33cc-445b-a348-fcef9828cfd2,Task title 7,Task description 7,2023-01-01T12:00,e61dc2ae-b59b-4051-a494-753c1d4af24b,c47c8ab7-4d9b-44e0-8f56-217b833cb897,e61dc2ae-b59b-4051-a494-753c1d4af24b,e00305b8-5a8f-4857-95c3-a1047b3ef020,todo,MATE
dcfe8a62-45ff-4d28-989b-cc9148cd6ab1,Task title 8,Task description 8,2023-01-01T12:00,e61dc2ae-b59b-4051-a494-753c1d4af24b,c47c8ab7-4d9b-44e0-8f56-217b833cb897,e61dc2ae-b59b-4051-a494-753c1d4af24b,e00305b8-5a8f-4857-95c3-a1047b3ef020,todo,MATE
37de5670-3107-4061-8f93-80c30ebc2760,Task title 9,Task description 9,2023-01-01T12:00,e61dc2ae-b59b-4051-a494-753c1d4af24b,c47c8ab7-4d9b-44e0-8f56-217b833cb897,e61dc2ae-b59b-4051-a494-753c1d4af24b,e00305b8-5a8f-4857-95c3-a1047b3ef020,todo,MATE
5484368f-c3ca-471b-88d7-f61c2c547329,Task title 10,Task description 10,2023-01-01T12:00,e61dc2ae-b59b-4051-a494-753c1d4af24b,c47c8ab7-4d9b-44e0-8f56-217b833cb897,e61dc2ae-b59b-4051-a494-753c1d4af24b,e00305b8-5a8f-4857-95c3-a1047b3ef020,todo,MATE
1963f234-d8bc-4a3d-9bfd-6bca08d63bd1,Task Edited,Description Edited,2023-01-01T12:00,de97bf23-f3a6-44c8-b238-8695efad1206,c47c8ab7-4d9b-44e0-8f56-217b833cb897,de97bf23-f3a6-44c8-b238-8695efad1206,a2b74022-0b0a-4abe-a9f1-07af12ed72e8,todo,MATE
3a5d97c6-87c7-4eb4-905e-debe4ac635b0,Task title 1,Task description 1,2023-01-01T12:00,de97bf23-f3a6-44c8-b238-8695efad1206,c47c8ab7-4d9b-44e0-8f56-217b833cb897,de97bf23-f3a6-44c8-b238-8695efad1206,a2b74022-0b0a-4abe-a9f1-07af12ed72e8,todo,MATE
2976c963-4ab7-432d-b40d-62aabcc59a30,Task title 2,Task description 2,2023-01-01T12:00,de97bf23-f3a6-44c8-b238-8695efad1206,c47c8ab7-4d9b-44e0-8f56-217b833cb897,de97bf23-f3a6-44c8-b238-8695efad1206,a2b74022-0b0a-4abe-a9f1-07af12ed72e8,todo,MATE
ba977967-9020-46ae-b07d-1b0e5ccdd1c1,Task title 3,Task description 3,2023-01-01T12:00,de97bf23-f3a6-44c8-b238-8695efad1206,c47c8ab7-4d9b-44e0-8f56-217b833cb897,de97bf23-f3a6-44c8-b238-8695efad1206,a2b74022-0b0a-4abe-a9f1-07af12ed72e8,todo,MATE
286760c7-d966-4a0f-a60b-242b2c144687,Task title 4,Task description 4,2023-01-01T12:00,de97bf23-f3a6-44c8-b238-8695efad1206,c47c8ab7-4d9b-44e0-8f56-217b833cb897,de97bf23-f3a6-44c8-b238-8695efad1206,a2b74022-0b0a-4abe-a9f1-07af12ed72e8,todo,MATE
02eec2b4-8028-4e22-9511-118c45cf293b,Task title 5,Task description 5,2023-01-01T12:00,de97bf23-f3a6-44c8-b238-8695efad1206,c47c8ab7-4d9b-44e0-8f56-217b833cb897,de97bf23-f3a6-44c8-b238-8695efad1206,a2b74022-0b0a-4abe-a9f1-07af12ed72e8,todo,MATE
7924735e-eaeb-4309-a6d5-f26b53674b55,Task title 6,Task description 6,2023-01-01T12:00,de97bf23-f3a6-44c8-b238-8695efad1206,c47c8ab7-4d9b-44e0-8f56-217b833cb897,de97bf23-f3a6-44c8-b238-8695efad1206,a2b74022-0b0a-4abe-a9f1-07af12ed72e8,todo,MATE
80cc4f9f-e7b9-4cc8-80f6-3f0192026a5d,Task title 7,Task description 7,2023-01-01T12:00,de97bf23-f3a6-44c8-b238-8695efad1206,c47c8ab7-4d9b-44e0-8f56-217b833cb897,de97bf23-f3a6-44c8-b238-8695efad1206,a2b74022-0b0a-4abe-a9f1-07af12ed72e8,todo,MATE
5bd96bf3-9a2a-48cd-b010-d6fe3bf048ef,Task title 8,Task description 8,2023-01-01T12:00,de97bf23-f3a6-44c8-b238-8695efad1206,c47c8ab7-4d9b-44e0-8f56-217b833cb897,de97bf23-f3a6-44c8-b238-8695efad1206,a2b74022-0b0a-4abe-a9f1-07af12ed72e8,todo,MATE
45270074-fd10-434e-807f-1fcae738bb58,Task title 9,Task description 9,2023-01-01T12:00,de97bf23-f3a6-44c8-b238-8695efad1206,c47c8ab7-4d9b-44e0-8f56-217b833cb897,de97bf23-f3a6-44c8-b238-8695efad1206,a2b74022-0b0a-4abe-a9f1-07af12ed72e8,todo,MATE
40eb2642-ed13-44d6-91e5-f587aa98947d,Task title 10,Task description 10,2023-01-01T12:00,de97bf23-f3a6-44c8-b238-8695efad1206,c47c8ab7-4d9b-44e0-8f56-217b833cb897,de97bf23-f3a6-44c8-b238-8695efad1206,a2b74022-0b0a-4abe-a9f1-07af12ed72e8,todo,MATE
